date,"Builds"
2019-06-07,524
2019-06-10,583
2019-06-11,886
2019-06-12,507
2019-06-13,965
2019-06-14,872
2019-06-17,783
2019-06-18,621
2019-06-19,763
2019-06-20,743
2019-06-21,443
2019-06-24,753
2019-06-25,276
2019-06-26,446
2019-06-27,795
2019-06-28,958
2019-07-01,711
2019-07-02,1076
2019-07-03,583
2019-07-04,823
2019-07-05,621
2019-07-08,903
2019-07-09,671
2019-07-10,842
2019-07-11,1120
2019-07-12,778
2019-07-15,800
2019-07-16,675
2019-07-17,631
2019-07-18,736
2019-07-19,591
2019-07-22,415
2019-07-23,639
2019-07-24,606
2019-07-25,577
2019-07-26,718
2019-07-29,483
2019-07-30,502
2019-07-31,633
2019-08-01,828
2019-08-02,649
2019-08-05,642
2019-08-06,356
2019-08-07,1012
2019-08-08,346
2019-08-09,379
2019-08-12,359
2019-08-13,289
2019-08-14,656
2019-08-15,620
2019-08-16,508
2019-08-19,835
2019-08-20,1046
2019-08-21,935
2019-08-22,857
2019-08-23,846
2019-08-26,1040
2019-08-27,1482
2019-08-28,1352
2019-08-29,1347
2019-08-30,993
2019-09-02,793
2019-09-03,764
2019-09-04,925
2019-09-05,974
2019-09-06,652
2019-09-09,1026
2019-09-10,1063
2019-09-11,1032
2019-09-12,
2019-09-13,937
2019-09-16,453
2019-09-17,948
2019-09-18,710
2019-09-19,835
2019-09-20,
2019-09-23,488
2019-09-24,810
2019-09-25,363
2019-09-26,696
2019-09-27,858
2019-09-30,761
2019-10-01,498
2019-10-02,582
2019-10-03,1131
2019-10-04,798
2019-10-07,1062
2019-10-08,1571
2019-10-09,909
2019-10-10,1047
2019-10-11,1221
2019-10-14,487
2019-10-15,
