date,Builds
2019-06-07,2372
2019-06-10,3018
2019-06-11,2425
2019-06-12,1520
2019-06-13,2194
2019-06-14,1963
2019-06-17,2448
2019-06-18,2106
2019-06-19,2204
2019-06-20,2658
2019-06-21,1696
2019-06-24,2654
2019-06-25,1843
2019-06-26,1544
2019-06-27,2247
2019-06-28,2342
2019-07-01,1841
2019-07-02,2747
2019-07-03,2254
2019-07-04,2389
2019-07-05,1983
2019-07-08,2298
2019-07-09,2945
2019-07-10,3307
2019-07-11,3369
2019-07-12,3402
2019-07-15,3285
2019-07-16,3956
2019-07-17,2330
2019-07-18,3012
2019-07-19,2684
2019-07-22,2176
2019-07-23,2608
2019-07-24,2275
2019-07-25,2211
2019-07-26,2061
2019-07-29,2457
2019-07-30,2411
2019-07-31,2361
2019-08-01,3704
2019-08-02,4029
2019-08-05,2749
2019-08-06,2484
2019-08-07,3286
2019-08-08,2206
2019-08-09,1927
2019-08-12,2198
2019-08-13,913
2019-08-14,1527
2019-08-15,2062
2019-08-16,1499
2019-08-19,1945
2019-08-20,3338
2019-08-21,2856
2019-08-22,2201
2019-08-23,2490
2019-08-26,2860
2019-08-27,4218
2019-08-28,3103
2019-08-29,3372
2019-08-30,3070
2019-09-02,2503
2019-09-03,2759
2019-09-04,2890
2019-09-05,2492
2019-09-06,2006
2019-09-09,2728
2019-09-10,3397
2019-09-11,2728
2019-09-12,
2019-09-13,2751
2019-09-16,3103
2019-09-17,3366
2019-09-18,1942
2019-09-19,3063
2019-09-20,
2019-09-23,2260
2019-09-24,2462
2019-09-25,1494
2019-09-26,1992
2019-09-27,2296
